<?xml version="1.0"?>

<bison-xml-report version="3.0.4" bug-report="bug-bison@gnu.org" url="http://www.gnu.org/software/bison/">

  <filename>syntaxique.y</filename>

  <grammar>
    <rules>
      <rule number="0" usefulness="useful">
        <lhs>$accept</lhs>
        <rhs>
          <symbol>SYNTAXERROR</symbol>
          <symbol>$end</symbol>
        </rhs>
      </rule>
      <rule number="1" usefulness="useful">
        <lhs>SYNTAXERROR</lhs>
        <rhs>
          <empty/>
        </rhs>
      </rule>
      <rule number="2" usefulness="useful">
        <lhs>SYNTAXERROR</lhs>
        <rhs>
          <symbol>END</symbol>
        </rhs>
      </rule>
      <rule number="3" usefulness="useful">
        <lhs>SYNTAXERROR</lhs>
        <rhs>
          <symbol>GLOBAL</symbol>
          <symbol>SYNTAXERROR</symbol>
        </rhs>
      </rule>
      <rule number="4" usefulness="useful">
        <lhs>GLOBAL</lhs>
        <rhs>
          <symbol>SYNTAX</symbol>
          <symbol>ERROR</symbol>
          <symbol>','</symbol>
          <symbol>UNEXPECTED</symbol>
          <symbol>X</symbol>
          <symbol>','</symbol>
          <symbol>EXPECTING</symbol>
          <symbol>Y</symbol>
          <symbol>AT</symbol>
          <symbol>LINE</symbol>
          <symbol>INTEGER</symbol>
          <symbol>'.'</symbol>
        </rhs>
      </rule>
      <rule number="5" usefulness="useful">
        <lhs>GLOBAL</lhs>
        <rhs>
          <symbol>SYNTAX</symbol>
          <symbol>ERROR</symbol>
          <symbol>','</symbol>
          <symbol>UNEXPECTED</symbol>
          <symbol>AP</symbol>
          <symbol>Z</symbol>
          <symbol>AP</symbol>
          <symbol>','</symbol>
          <symbol>EXPECTING</symbol>
          <symbol>Y</symbol>
          <symbol>AT</symbol>
          <symbol>LINE</symbol>
          <symbol>INTEGER</symbol>
          <symbol>'.'</symbol>
        </rhs>
      </rule>
      <rule number="6" usefulness="useful">
        <lhs>GLOBAL</lhs>
        <rhs>
          <symbol>SYNTAX</symbol>
          <symbol>ERROR</symbol>
          <symbol>','</symbol>
          <symbol>UNEXPECTED</symbol>
          <symbol>X</symbol>
          <symbol>AT</symbol>
          <symbol>LINE</symbol>
          <symbol>INTEGER</symbol>
          <symbol>'.'</symbol>
        </rhs>
      </rule>
      <rule number="7" usefulness="useful">
        <lhs>GLOBAL</lhs>
        <rhs>
          <symbol>SYNTAX</symbol>
          <symbol>ERROR</symbol>
          <symbol>','</symbol>
          <symbol>UNEXPECTED</symbol>
          <symbol>AP</symbol>
          <symbol>Z</symbol>
          <symbol>AP</symbol>
          <symbol>AT</symbol>
          <symbol>LINE</symbol>
          <symbol>INTEGER</symbol>
          <symbol>'.'</symbol>
        </rhs>
      </rule>
      <rule number="8" usefulness="useful">
        <lhs>Y</lhs>
        <rhs>
          <symbol>Y</symbol>
          <symbol>ORM</symbol>
          <symbol>Y</symbol>
        </rhs>
      </rule>
      <rule number="9" usefulness="useful">
        <lhs>Y</lhs>
        <rhs>
          <symbol>X</symbol>
        </rhs>
      </rule>
      <rule number="10" usefulness="useful">
        <lhs>X</lhs>
        <rhs>
          <symbol>ASSBAND</symbol>
        </rhs>
      </rule>
      <rule number="11" usefulness="useful">
        <lhs>X</lhs>
        <rhs>
          <symbol>ASSBOR</symbol>
        </rhs>
      </rule>
      <rule number="12" usefulness="useful">
        <lhs>X</lhs>
        <rhs>
          <symbol>ASSBXOR</symbol>
        </rhs>
      </rule>
      <rule number="13" usefulness="useful">
        <lhs>X</lhs>
        <rhs>
          <symbol>ASSLSHIFT</symbol>
        </rhs>
      </rule>
      <rule number="14" usefulness="useful">
        <lhs>X</lhs>
        <rhs>
          <symbol>ASSRSHIFT</symbol>
        </rhs>
      </rule>
      <rule number="15" usefulness="useful">
        <lhs>X</lhs>
        <rhs>
          <symbol>ASSADD</symbol>
        </rhs>
      </rule>
      <rule number="16" usefulness="useful">
        <lhs>X</lhs>
        <rhs>
          <symbol>ASSMINUS</symbol>
        </rhs>
      </rule>
      <rule number="17" usefulness="useful">
        <lhs>X</lhs>
        <rhs>
          <symbol>ASSMULT</symbol>
        </rhs>
      </rule>
      <rule number="18" usefulness="useful">
        <lhs>X</lhs>
        <rhs>
          <symbol>ASSDIVIDE</symbol>
        </rhs>
      </rule>
      <rule number="19" usefulness="useful">
        <lhs>X</lhs>
        <rhs>
          <symbol>ASSMOD</symbol>
        </rhs>
      </rule>
      <rule number="20" usefulness="useful">
        <lhs>X</lhs>
        <rhs>
          <symbol>BAND</symbol>
        </rhs>
      </rule>
      <rule number="21" usefulness="useful">
        <lhs>X</lhs>
        <rhs>
          <symbol>BOR</symbol>
        </rhs>
      </rule>
      <rule number="22" usefulness="useful">
        <lhs>X</lhs>
        <rhs>
          <symbol>BXOR</symbol>
        </rhs>
      </rule>
      <rule number="23" usefulness="useful">
        <lhs>X</lhs>
        <rhs>
          <symbol>BOC</symbol>
        </rhs>
      </rule>
      <rule number="24" usefulness="useful">
        <lhs>X</lhs>
        <rhs>
          <symbol>LSHIFT</symbol>
        </rhs>
      </rule>
      <rule number="25" usefulness="useful">
        <lhs>X</lhs>
        <rhs>
          <symbol>RSHIFT</symbol>
        </rhs>
      </rule>
      <rule number="26" usefulness="useful">
        <lhs>X</lhs>
        <rhs>
          <symbol>AND</symbol>
        </rhs>
      </rule>
      <rule number="27" usefulness="useful">
        <lhs>X</lhs>
        <rhs>
          <symbol>OR</symbol>
        </rhs>
      </rule>
      <rule number="28" usefulness="useful">
        <lhs>X</lhs>
        <rhs>
          <symbol>NOT</symbol>
        </rhs>
      </rule>
      <rule number="29" usefulness="useful">
        <lhs>X</lhs>
        <rhs>
          <symbol>EQUAL</symbol>
        </rhs>
      </rule>
      <rule number="30" usefulness="useful">
        <lhs>X</lhs>
        <rhs>
          <symbol>DIF</symbol>
        </rhs>
      </rule>
      <rule number="31" usefulness="useful">
        <lhs>X</lhs>
        <rhs>
          <symbol>SUP</symbol>
        </rhs>
      </rule>
      <rule number="32" usefulness="useful">
        <lhs>X</lhs>
        <rhs>
          <symbol>INF</symbol>
        </rhs>
      </rule>
      <rule number="33" usefulness="useful">
        <lhs>X</lhs>
        <rhs>
          <symbol>SUPEQ</symbol>
        </rhs>
      </rule>
      <rule number="34" usefulness="useful">
        <lhs>X</lhs>
        <rhs>
          <symbol>INFEQ</symbol>
        </rhs>
      </rule>
      <rule number="35" usefulness="useful">
        <lhs>X</lhs>
        <rhs>
          <symbol>ADD</symbol>
        </rhs>
      </rule>
      <rule number="36" usefulness="useful">
        <lhs>X</lhs>
        <rhs>
          <symbol>MINUS</symbol>
        </rhs>
      </rule>
      <rule number="37" usefulness="useful">
        <lhs>X</lhs>
        <rhs>
          <symbol>MULT</symbol>
        </rhs>
      </rule>
      <rule number="38" usefulness="useful">
        <lhs>X</lhs>
        <rhs>
          <symbol>DIVIDE</symbol>
        </rhs>
      </rule>
      <rule number="39" usefulness="useful">
        <lhs>X</lhs>
        <rhs>
          <symbol>MOD</symbol>
        </rhs>
      </rule>
      <rule number="40" usefulness="useful">
        <lhs>X</lhs>
        <rhs>
          <symbol>INCR</symbol>
        </rhs>
      </rule>
      <rule number="41" usefulness="useful">
        <lhs>X</lhs>
        <rhs>
          <symbol>EL</symbol>
        </rhs>
      </rule>
      <rule number="42" usefulness="useful">
        <lhs>X</lhs>
        <rhs>
          <symbol>DECR</symbol>
        </rhs>
      </rule>
      <rule number="43" usefulness="useful">
        <lhs>X</lhs>
        <rhs>
          <symbol>VALINT</symbol>
        </rhs>
      </rule>
      <rule number="44" usefulness="useful">
        <lhs>X</lhs>
        <rhs>
          <symbol>VALREAL</symbol>
        </rhs>
      </rule>
      <rule number="45" usefulness="useful">
        <lhs>X</lhs>
        <rhs>
          <symbol>VALCHAR</symbol>
        </rhs>
      </rule>
      <rule number="46" usefulness="useful">
        <lhs>X</lhs>
        <rhs>
          <symbol>VALSTR</symbol>
        </rhs>
      </rule>
      <rule number="47" usefulness="useful">
        <lhs>X</lhs>
        <rhs>
          <symbol>ID</symbol>
        </rhs>
      </rule>
      <rule number="48" usefulness="useful">
        <lhs>X</lhs>
        <rhs>
          <symbol>DEFINE</symbol>
        </rhs>
      </rule>
      <rule number="49" usefulness="useful">
        <lhs>X</lhs>
        <rhs>
          <symbol>INCLUDE</symbol>
        </rhs>
      </rule>
      <rule number="50" usefulness="useful">
        <lhs>X</lhs>
        <rhs>
          <symbol>AUTO</symbol>
        </rhs>
      </rule>
      <rule number="51" usefulness="useful">
        <lhs>X</lhs>
        <rhs>
          <symbol>STRUCT</symbol>
        </rhs>
      </rule>
      <rule number="52" usefulness="useful">
        <lhs>X</lhs>
        <rhs>
          <symbol>DOUBLE</symbol>
        </rhs>
      </rule>
      <rule number="53" usefulness="useful">
        <lhs>X</lhs>
        <rhs>
          <symbol>INT</symbol>
        </rhs>
      </rule>
      <rule number="54" usefulness="useful">
        <lhs>X</lhs>
        <rhs>
          <symbol>LONG</symbol>
        </rhs>
      </rule>
      <rule number="55" usefulness="useful">
        <lhs>X</lhs>
        <rhs>
          <symbol>SHORT</symbol>
        </rhs>
      </rule>
      <rule number="56" usefulness="useful">
        <lhs>X</lhs>
        <rhs>
          <symbol>CHAR</symbol>
        </rhs>
      </rule>
      <rule number="57" usefulness="useful">
        <lhs>X</lhs>
        <rhs>
          <symbol>FLOAT</symbol>
        </rhs>
      </rule>
      <rule number="58" usefulness="useful">
        <lhs>X</lhs>
        <rhs>
          <symbol>CONST</symbol>
        </rhs>
      </rule>
      <rule number="59" usefulness="useful">
        <lhs>X</lhs>
        <rhs>
          <symbol>SIGNED</symbol>
        </rhs>
      </rule>
      <rule number="60" usefulness="useful">
        <lhs>X</lhs>
        <rhs>
          <symbol>SIZEOF</symbol>
        </rhs>
      </rule>
      <rule number="61" usefulness="useful">
        <lhs>X</lhs>
        <rhs>
          <symbol>TYPEDEF</symbol>
        </rhs>
      </rule>
      <rule number="62" usefulness="useful">
        <lhs>X</lhs>
        <rhs>
          <symbol>RETURN</symbol>
        </rhs>
      </rule>
      <rule number="63" usefulness="useful">
        <lhs>X</lhs>
        <rhs>
          <symbol>VOID</symbol>
        </rhs>
      </rule>
      <rule number="64" usefulness="useful">
        <lhs>X</lhs>
        <rhs>
          <symbol>STATIC</symbol>
        </rhs>
      </rule>
      <rule number="65" usefulness="useful">
        <lhs>X</lhs>
        <rhs>
          <symbol>UNSIGNED</symbol>
        </rhs>
      </rule>
      <rule number="66" usefulness="useful">
        <lhs>X</lhs>
        <rhs>
          <symbol>ENUM</symbol>
        </rhs>
      </rule>
      <rule number="67" usefulness="useful">
        <lhs>X</lhs>
        <rhs>
          <symbol>EXTERN</symbol>
        </rhs>
      </rule>
      <rule number="68" usefulness="useful">
        <lhs>X</lhs>
        <rhs>
          <symbol>REGISTER</symbol>
        </rhs>
      </rule>
      <rule number="69" usefulness="useful">
        <lhs>X</lhs>
        <rhs>
          <symbol>UNION</symbol>
        </rhs>
      </rule>
      <rule number="70" usefulness="useful">
        <lhs>X</lhs>
        <rhs>
          <symbol>VOLATILE</symbol>
        </rhs>
      </rule>
      <rule number="71" usefulness="useful">
        <lhs>X</lhs>
        <rhs>
          <symbol>WHILE</symbol>
        </rhs>
      </rule>
      <rule number="72" usefulness="useful">
        <lhs>X</lhs>
        <rhs>
          <symbol>DO</symbol>
        </rhs>
      </rule>
      <rule number="73" usefulness="useful">
        <lhs>X</lhs>
        <rhs>
          <symbol>FOR</symbol>
        </rhs>
      </rule>
      <rule number="74" usefulness="useful">
        <lhs>X</lhs>
        <rhs>
          <symbol>IF</symbol>
        </rhs>
      </rule>
      <rule number="75" usefulness="useful">
        <lhs>X</lhs>
        <rhs>
          <symbol>ELSE</symbol>
        </rhs>
      </rule>
      <rule number="76" usefulness="useful">
        <lhs>X</lhs>
        <rhs>
          <symbol>SWITCH</symbol>
        </rhs>
      </rule>
      <rule number="77" usefulness="useful">
        <lhs>X</lhs>
        <rhs>
          <symbol>CASE</symbol>
        </rhs>
      </rule>
      <rule number="78" usefulness="useful">
        <lhs>X</lhs>
        <rhs>
          <symbol>BREAK</symbol>
        </rhs>
      </rule>
      <rule number="79" usefulness="useful">
        <lhs>X</lhs>
        <rhs>
          <symbol>DEFAULT</symbol>
        </rhs>
      </rule>
      <rule number="80" usefulness="useful">
        <lhs>X</lhs>
        <rhs>
          <symbol>GOTO</symbol>
        </rhs>
      </rule>
      <rule number="81" usefulness="useful">
        <lhs>X</lhs>
        <rhs>
          <symbol>CONTINUE</symbol>
        </rhs>
      </rule>
      <rule number="82" usefulness="useful">
        <lhs>Z</lhs>
        <rhs>
          <symbol>'('</symbol>
        </rhs>
      </rule>
      <rule number="83" usefulness="useful">
        <lhs>Z</lhs>
        <rhs>
          <symbol>')'</symbol>
        </rhs>
      </rule>
      <rule number="84" usefulness="useful">
        <lhs>Z</lhs>
        <rhs>
          <symbol>'{'</symbol>
        </rhs>
      </rule>
      <rule number="85" usefulness="useful">
        <lhs>Z</lhs>
        <rhs>
          <symbol>'}'</symbol>
        </rhs>
      </rule>
      <rule number="86" usefulness="useful">
        <lhs>Z</lhs>
        <rhs>
          <symbol>'['</symbol>
        </rhs>
      </rule>
      <rule number="87" usefulness="useful">
        <lhs>Z</lhs>
        <rhs>
          <symbol>']'</symbol>
        </rhs>
      </rule>
      <rule number="88" usefulness="useful">
        <lhs>Z</lhs>
        <rhs>
          <symbol>'.'</symbol>
        </rhs>
      </rule>
      <rule number="89" usefulness="useful">
        <lhs>Z</lhs>
        <rhs>
          <symbol>'#'</symbol>
        </rhs>
      </rule>
      <rule number="90" usefulness="useful">
        <lhs>Z</lhs>
        <rhs>
          <symbol>'='</symbol>
        </rhs>
      </rule>
      <rule number="91" usefulness="useful">
        <lhs>Z</lhs>
        <rhs>
          <symbol>','</symbol>
        </rhs>
      </rule>
      <rule number="92" usefulness="useful">
        <lhs>Z</lhs>
        <rhs>
          <symbol>'?'</symbol>
        </rhs>
      </rule>
      <rule number="93" usefulness="useful">
        <lhs>Z</lhs>
        <rhs>
          <symbol>':'</symbol>
        </rhs>
      </rule>
    </rules>
    <terminals>
      <terminal symbol-number="0" token-number="0" name="$end" usefulness="useful"/>
      <terminal symbol-number="94" token-number="35" name="'#'" usefulness="useful"/>
      <terminal symbol-number="88" token-number="40" name="'('" usefulness="useful"/>
      <terminal symbol-number="89" token-number="41" name="')'" usefulness="useful"/>
      <terminal symbol-number="86" token-number="44" name="','" usefulness="useful"/>
      <terminal symbol-number="87" token-number="46" name="'.'" usefulness="useful"/>
      <terminal symbol-number="97" token-number="58" name="':'" usefulness="useful"/>
      <terminal symbol-number="95" token-number="61" name="'='" usefulness="useful"/>
      <terminal symbol-number="96" token-number="63" name="'?'" usefulness="useful"/>
      <terminal symbol-number="92" token-number="91" name="'['" usefulness="useful"/>
      <terminal symbol-number="93" token-number="93" name="']'" usefulness="useful"/>
      <terminal symbol-number="90" token-number="123" name="'{'" usefulness="useful"/>
      <terminal symbol-number="91" token-number="125" name="'}'" usefulness="useful"/>
      <terminal symbol-number="1" token-number="256" name="error" usefulness="useful"/>
      <terminal symbol-number="3" token-number="258" name="DEFINE" usefulness="useful"/>
      <terminal symbol-number="4" token-number="259" name="INCLUDE" usefulness="useful"/>
      <terminal symbol-number="5" token-number="260" name="AUTO" usefulness="useful"/>
      <terminal symbol-number="6" token-number="261" name="STRUCT" usefulness="useful"/>
      <terminal symbol-number="7" token-number="262" name="DOUBLE" usefulness="useful"/>
      <terminal symbol-number="8" token-number="263" name="INT" usefulness="useful"/>
      <terminal symbol-number="9" token-number="264" name="LONG" usefulness="useful"/>
      <terminal symbol-number="10" token-number="265" name="SHORT" usefulness="useful"/>
      <terminal symbol-number="11" token-number="266" name="CHAR" usefulness="useful"/>
      <terminal symbol-number="12" token-number="267" name="FLOAT" usefulness="useful"/>
      <terminal symbol-number="13" token-number="268" name="CONST" usefulness="useful"/>
      <terminal symbol-number="14" token-number="269" name="SIGNED" usefulness="useful"/>
      <terminal symbol-number="15" token-number="270" name="SIZEOF" usefulness="useful"/>
      <terminal symbol-number="16" token-number="271" name="TYPEDEF" usefulness="useful"/>
      <terminal symbol-number="17" token-number="272" name="RETURN" usefulness="useful"/>
      <terminal symbol-number="18" token-number="273" name="VOID" usefulness="useful"/>
      <terminal symbol-number="19" token-number="274" name="STATIC" usefulness="useful"/>
      <terminal symbol-number="20" token-number="275" name="UNSIGNED" usefulness="useful"/>
      <terminal symbol-number="21" token-number="276" name="ENUM" usefulness="useful"/>
      <terminal symbol-number="22" token-number="277" name="EXTERN" usefulness="useful"/>
      <terminal symbol-number="23" token-number="278" name="REGISTER" usefulness="useful"/>
      <terminal symbol-number="24" token-number="279" name="UNION" usefulness="useful"/>
      <terminal symbol-number="25" token-number="280" name="VOLATILE" usefulness="useful"/>
      <terminal symbol-number="26" token-number="281" name="WHILE" usefulness="useful"/>
      <terminal symbol-number="27" token-number="282" name="DO" usefulness="useful"/>
      <terminal symbol-number="28" token-number="283" name="FOR" usefulness="useful"/>
      <terminal symbol-number="29" token-number="284" name="IF" usefulness="useful"/>
      <terminal symbol-number="30" token-number="285" name="ELSE" usefulness="useful"/>
      <terminal symbol-number="31" token-number="286" name="SWITCH" usefulness="useful"/>
      <terminal symbol-number="32" token-number="287" name="CASE" usefulness="useful"/>
      <terminal symbol-number="33" token-number="288" name="BREAK" usefulness="useful"/>
      <terminal symbol-number="34" token-number="289" name="DEFAULT" usefulness="useful"/>
      <terminal symbol-number="35" token-number="290" name="GOTO" usefulness="useful"/>
      <terminal symbol-number="36" token-number="291" name="CONTINUE" usefulness="useful"/>
      <terminal symbol-number="37" token-number="292" name="VALINT" usefulness="useful"/>
      <terminal symbol-number="38" token-number="293" name="VALREAL" usefulness="useful"/>
      <terminal symbol-number="39" token-number="294" name="VALCHAR" usefulness="useful"/>
      <terminal symbol-number="40" token-number="295" name="VALSTR" usefulness="useful"/>
      <terminal symbol-number="41" token-number="296" name="ID" usefulness="useful"/>
      <terminal symbol-number="42" token-number="297" name="ADD" usefulness="useful"/>
      <terminal symbol-number="43" token-number="298" name="MINUS" usefulness="useful"/>
      <terminal symbol-number="44" token-number="299" name="MULT" usefulness="useful"/>
      <terminal symbol-number="45" token-number="300" name="DIVIDE" usefulness="useful"/>
      <terminal symbol-number="46" token-number="301" name="MOD" usefulness="useful"/>
      <terminal symbol-number="47" token-number="302" name="INCR" usefulness="useful"/>
      <terminal symbol-number="48" token-number="303" name="DECR" usefulness="useful"/>
      <terminal symbol-number="49" token-number="304" name="EQUAL" usefulness="useful"/>
      <terminal symbol-number="50" token-number="305" name="DIF" usefulness="useful"/>
      <terminal symbol-number="51" token-number="306" name="SUP" usefulness="useful"/>
      <terminal symbol-number="52" token-number="307" name="INF" usefulness="useful"/>
      <terminal symbol-number="53" token-number="308" name="SUPEQ" usefulness="useful"/>
      <terminal symbol-number="54" token-number="309" name="INFEQ" usefulness="useful"/>
      <terminal symbol-number="55" token-number="310" name="AND" usefulness="useful"/>
      <terminal symbol-number="56" token-number="311" name="OR" usefulness="useful"/>
      <terminal symbol-number="57" token-number="312" name="NOT" usefulness="useful"/>
      <terminal symbol-number="58" token-number="313" name="BAND" usefulness="useful"/>
      <terminal symbol-number="59" token-number="314" name="BOR" usefulness="useful"/>
      <terminal symbol-number="60" token-number="315" name="BXOR" usefulness="useful"/>
      <terminal symbol-number="61" token-number="316" name="BOC" usefulness="useful"/>
      <terminal symbol-number="62" token-number="317" name="LSHIFT" usefulness="useful"/>
      <terminal symbol-number="63" token-number="318" name="RSHIFT" usefulness="useful"/>
      <terminal symbol-number="64" token-number="319" name="ASSADD" usefulness="useful"/>
      <terminal symbol-number="65" token-number="320" name="ASSMINUS" usefulness="useful"/>
      <terminal symbol-number="66" token-number="321" name="ASSMULT" usefulness="useful"/>
      <terminal symbol-number="67" token-number="322" name="ASSDIVIDE" usefulness="useful"/>
      <terminal symbol-number="68" token-number="323" name="ASSMOD" usefulness="useful"/>
      <terminal symbol-number="69" token-number="324" name="ASSBAND" usefulness="useful"/>
      <terminal symbol-number="70" token-number="325" name="ASSBOR" usefulness="useful"/>
      <terminal symbol-number="71" token-number="326" name="ASSBXOR" usefulness="useful"/>
      <terminal symbol-number="72" token-number="327" name="ASSLSHIFT" usefulness="useful"/>
      <terminal symbol-number="73" token-number="328" name="ASSRSHIFT" usefulness="useful"/>
      <terminal symbol-number="74" token-number="329" name="UNEXPECTED" usefulness="useful"/>
      <terminal symbol-number="75" token-number="330" name="EXPECTING" usefulness="useful"/>
      <terminal symbol-number="76" token-number="331" name="SYNTAX" usefulness="useful"/>
      <terminal symbol-number="77" token-number="332" name="ERROR" usefulness="useful"/>
      <terminal symbol-number="78" token-number="333" name="AT" usefulness="useful"/>
      <terminal symbol-number="79" token-number="334" name="LINE" usefulness="useful"/>
      <terminal symbol-number="80" token-number="335" name="AP" usefulness="useful"/>
      <terminal symbol-number="81" token-number="336" name="ORM" usefulness="useful"/>
      <terminal symbol-number="82" token-number="337" name="INTEGER" usefulness="useful"/>
      <terminal symbol-number="83" token-number="338" name="EL" usefulness="useful"/>
      <terminal symbol-number="84" token-number="339" name="HEAD" usefulness="unused-in-grammar"/>
      <terminal symbol-number="85" token-number="340" name="END" usefulness="useful"/>
    </terminals>
    <nonterminals>
      <nonterminal symbol-number="98" name="$accept" usefulness="useful"/>
      <nonterminal symbol-number="99" name="SYNTAXERROR" usefulness="useful"/>
      <nonterminal symbol-number="100" name="GLOBAL" usefulness="useful"/>
      <nonterminal symbol-number="101" name="Y" usefulness="useful"/>
      <nonterminal symbol-number="102" name="X" usefulness="useful"/>
      <nonterminal symbol-number="103" name="Z" usefulness="useful"/>
    </nonterminals>
  </grammar>

  <automaton>

    <state number="0">
      <itemset>
        <item rule-number="0" point="0"/>
        <item rule-number="1" point="0">
          <lookaheads>
            <symbol>$end</symbol>
          </lookaheads>
        </item>
        <item rule-number="2" point="0"/>
        <item rule-number="3" point="0"/>
        <item rule-number="4" point="0"/>
        <item rule-number="5" point="0"/>
        <item rule-number="6" point="0"/>
        <item rule-number="7" point="0"/>
      </itemset>
      <actions>
        <transitions>
          <transition type="shift" symbol="SYNTAX" state="1"/>
          <transition type="shift" symbol="END" state="2"/>
          <transition type="goto" symbol="SYNTAXERROR" state="3"/>
          <transition type="goto" symbol="GLOBAL" state="4"/>
        </transitions>
        <errors/>
        <reductions>
          <reduction symbol="$default" rule="1" enabled="true"/>
        </reductions>
      </actions>
      <solved-conflicts/>
    </state>

    <state number="1">
      <itemset>
        <item rule-number="4" point="1"/>
        <item rule-number="5" point="1"/>
        <item rule-number="6" point="1"/>
        <item rule-number="7" point="1"/>
      </itemset>
      <actions>
        <transitions>
          <transition type="shift" symbol="ERROR" state="5"/>
        </transitions>
        <errors/>
        <reductions/>
      </actions>
      <solved-conflicts/>
    </state>

    <state number="2">
      <itemset>
        <item rule-number="2" point="1"/>
      </itemset>
      <actions>
        <transitions/>
        <errors/>
        <reductions>
          <reduction symbol="$default" rule="2" enabled="true"/>
        </reductions>
      </actions>
      <solved-conflicts/>
    </state>

    <state number="3">
      <itemset>
        <item rule-number="0" point="1"/>
      </itemset>
      <actions>
        <transitions>
          <transition type="shift" symbol="$end" state="6"/>
        </transitions>
        <errors/>
        <reductions/>
      </actions>
      <solved-conflicts/>
    </state>

    <state number="4">
      <itemset>
        <item rule-number="1" point="0">
          <lookaheads>
            <symbol>$end</symbol>
          </lookaheads>
        </item>
        <item rule-number="2" point="0"/>
        <item rule-number="3" point="0"/>
        <item rule-number="3" point="1"/>
        <item rule-number="4" point="0"/>
        <item rule-number="5" point="0"/>
        <item rule-number="6" point="0"/>
        <item rule-number="7" point="0"/>
      </itemset>
      <actions>
        <transitions>
          <transition type="shift" symbol="SYNTAX" state="1"/>
          <transition type="shift" symbol="END" state="2"/>
          <transition type="goto" symbol="SYNTAXERROR" state="7"/>
          <transition type="goto" symbol="GLOBAL" state="4"/>
        </transitions>
        <errors/>
        <reductions>
          <reduction symbol="$default" rule="1" enabled="true"/>
        </reductions>
      </actions>
      <solved-conflicts/>
    </state>

    <state number="5">
      <itemset>
        <item rule-number="4" point="2"/>
        <item rule-number="5" point="2"/>
        <item rule-number="6" point="2"/>
        <item rule-number="7" point="2"/>
      </itemset>
      <actions>
        <transitions>
          <transition type="shift" symbol="','" state="8"/>
        </transitions>
        <errors/>
        <reductions/>
      </actions>
      <solved-conflicts/>
    </state>

    <state number="6">
      <itemset>
        <item rule-number="0" point="2"/>
      </itemset>
      <actions>
        <transitions/>
        <errors/>
        <reductions>
          <reduction symbol="$default" rule="accept" enabled="true"/>
        </reductions>
      </actions>
      <solved-conflicts/>
    </state>

    <state number="7">
      <itemset>
        <item rule-number="3" point="2"/>
      </itemset>
      <actions>
        <transitions/>
        <errors/>
        <reductions>
          <reduction symbol="$default" rule="3" enabled="true"/>
        </reductions>
      </actions>
      <solved-conflicts/>
    </state>

    <state number="8">
      <itemset>
        <item rule-number="4" point="3"/>
        <item rule-number="5" point="3"/>
        <item rule-number="6" point="3"/>
        <item rule-number="7" point="3"/>
      </itemset>
      <actions>
        <transitions>
          <transition type="shift" symbol="UNEXPECTED" state="9"/>
        </transitions>
        <errors/>
        <reductions/>
      </actions>
      <solved-conflicts/>
    </state>

    <state number="9">
      <itemset>
        <item rule-number="4" point="4"/>
        <item rule-number="5" point="4"/>
        <item rule-number="6" point="4"/>
        <item rule-number="7" point="4"/>
        <item rule-number="10" point="0"/>
        <item rule-number="11" point="0"/>
        <item rule-number="12" point="0"/>
        <item rule-number="13" point="0"/>
        <item rule-number="14" point="0"/>
        <item rule-number="15" point="0"/>
        <item rule-number="16" point="0"/>
        <item rule-number="17" point="0"/>
        <item rule-number="18" point="0"/>
        <item rule-number="19" point="0"/>
        <item rule-number="20" point="0"/>
        <item rule-number="21" point="0"/>
        <item rule-number="22" point="0"/>
        <item rule-number="23" point="0"/>
        <item rule-number="24" point="0"/>
        <item rule-number="25" point="0"/>
        <item rule-number="26" point="0"/>
        <item rule-number="27" point="0"/>
        <item rule-number="28" point="0"/>
        <item rule-number="29" point="0"/>
        <item rule-number="30" point="0"/>
        <item rule-number="31" point="0"/>
        <item rule-number="32" point="0"/>
        <item rule-number="33" point="0"/>
        <item rule-number="34" point="0"/>
        <item rule-number="35" point="0"/>
        <item rule-number="36" point="0"/>
        <item rule-number="37" point="0"/>
        <item rule-number="38" point="0"/>
        <item rule-number="39" point="0"/>
        <item rule-number="40" point="0"/>
        <item rule-number="41" point="0"/>
        <item rule-number="42" point="0"/>
        <item rule-number="43" point="0"/>
        <item rule-number="44" point="0"/>
        <item rule-number="45" point="0"/>
        <item rule-number="46" point="0"/>
        <item rule-number="47" point="0"/>
        <item rule-number="48" point="0"/>
        <item rule-number="49" point="0"/>
        <item rule-number="50" point="0"/>
        <item rule-number="51" point="0"/>
        <item rule-number="52" point="0"/>
        <item rule-number="53" point="0"/>
        <item rule-number="54" point="0"/>
        <item rule-number="55" point="0"/>
        <item rule-number="56" point="0"/>
        <item rule-number="57" point="0"/>
        <item rule-number="58" point="0"/>
        <item rule-number="59" point="0"/>
        <item rule-number="60" point="0"/>
        <item rule-number="61" point="0"/>
        <item rule-number="62" point="0"/>
        <item rule-number="63" point="0"/>
        <item rule-number="64" point="0"/>
        <item rule-number="65" point="0"/>
        <item rule-number="66" point="0"/>
        <item rule-number="67" point="0"/>
        <item rule-number="68" point="0"/>
        <item rule-number="69" point="0"/>
        <item rule-number="70" point="0"/>
        <item rule-number="71" point="0"/>
        <item rule-number="72" point="0"/>
        <item rule-number="73" point="0"/>
        <item rule-number="74" point="0"/>
        <item rule-number="75" point="0"/>
        <item rule-number="76" point="0"/>
        <item rule-number="77" point="0"/>
        <item rule-number="78" point="0"/>
        <item rule-number="79" point="0"/>
        <item rule-number="80" point="0"/>
        <item rule-number="81" point="0"/>
      </itemset>
      <actions>
        <transitions>
          <transition type="shift" symbol="DEFINE" state="10"/>
          <transition type="shift" symbol="INCLUDE" state="11"/>
          <transition type="shift" symbol="AUTO" state="12"/>
          <transition type="shift" symbol="STRUCT" state="13"/>
          <transition type="shift" symbol="DOUBLE" state="14"/>
          <transition type="shift" symbol="INT" state="15"/>
          <transition type="shift" symbol="LONG" state="16"/>
          <transition type="shift" symbol="SHORT" state="17"/>
          <transition type="shift" symbol="CHAR" state="18"/>
          <transition type="shift" symbol="FLOAT" state="19"/>
          <transition type="shift" symbol="CONST" state="20"/>
          <transition type="shift" symbol="SIGNED" state="21"/>
          <transition type="shift" symbol="SIZEOF" state="22"/>
          <transition type="shift" symbol="TYPEDEF" state="23"/>
          <transition type="shift" symbol="RETURN" state="24"/>
          <transition type="shift" symbol="VOID" state="25"/>
          <transition type="shift" symbol="STATIC" state="26"/>
          <transition type="shift" symbol="UNSIGNED" state="27"/>
          <transition type="shift" symbol="ENUM" state="28"/>
          <transition type="shift" symbol="EXTERN" state="29"/>
          <transition type="shift" symbol="REGISTER" state="30"/>
          <transition type="shift" symbol="UNION" state="31"/>
          <transition type="shift" symbol="VOLATILE" state="32"/>
          <transition type="shift" symbol="WHILE" state="33"/>
          <transition type="shift" symbol="DO" state="34"/>
          <transition type="shift" symbol="FOR" state="35"/>
          <transition type="shift" symbol="IF" state="36"/>
          <transition type="shift" symbol="ELSE" state="37"/>
          <transition type="shift" symbol="SWITCH" state="38"/>
          <transition type="shift" symbol="CASE" state="39"/>
          <transition type="shift" symbol="BREAK" state="40"/>
          <transition type="shift" symbol="DEFAULT" state="41"/>
          <transition type="shift" symbol="GOTO" state="42"/>
          <transition type="shift" symbol="CONTINUE" state="43"/>
          <transition type="shift" symbol="VALINT" state="44"/>
          <transition type="shift" symbol="VALREAL" state="45"/>
          <transition type="shift" symbol="VALCHAR" state="46"/>
          <transition type="shift" symbol="VALSTR" state="47"/>
          <transition type="shift" symbol="ID" state="48"/>
          <transition type="shift" symbol="ADD" state="49"/>
          <transition type="shift" symbol="MINUS" state="50"/>
          <transition type="shift" symbol="MULT" state="51"/>
          <transition type="shift" symbol="DIVIDE" state="52"/>
          <transition type="shift" symbol="MOD" state="53"/>
          <transition type="shift" symbol="INCR" state="54"/>
          <transition type="shift" symbol="DECR" state="55"/>
          <transition type="shift" symbol="EQUAL" state="56"/>
          <transition type="shift" symbol="DIF" state="57"/>
          <transition type="shift" symbol="SUP" state="58"/>
          <transition type="shift" symbol="INF" state="59"/>
          <transition type="shift" symbol="SUPEQ" state="60"/>
          <transition type="shift" symbol="INFEQ" state="61"/>
          <transition type="shift" symbol="AND" state="62"/>
          <transition type="shift" symbol="OR" state="63"/>
          <transition type="shift" symbol="NOT" state="64"/>
          <transition type="shift" symbol="BAND" state="65"/>
          <transition type="shift" symbol="BOR" state="66"/>
          <transition type="shift" symbol="BXOR" state="67"/>
          <transition type="shift" symbol="BOC" state="68"/>
          <transition type="shift" symbol="LSHIFT" state="69"/>
          <transition type="shift" symbol="RSHIFT" state="70"/>
          <transition type="shift" symbol="ASSADD" state="71"/>
          <transition type="shift" symbol="ASSMINUS" state="72"/>
          <transition type="shift" symbol="ASSMULT" state="73"/>
          <transition type="shift" symbol="ASSDIVIDE" state="74"/>
          <transition type="shift" symbol="ASSMOD" state="75"/>
          <transition type="shift" symbol="ASSBAND" state="76"/>
          <transition type="shift" symbol="ASSBOR" state="77"/>
          <transition type="shift" symbol="ASSBXOR" state="78"/>
          <transition type="shift" symbol="ASSLSHIFT" state="79"/>
          <transition type="shift" symbol="ASSRSHIFT" state="80"/>
          <transition type="shift" symbol="AP" state="81"/>
          <transition type="shift" symbol="EL" state="82"/>
          <transition type="goto" symbol="X" state="83"/>
        </transitions>
        <errors/>
        <reductions/>
      </actions>
      <solved-conflicts/>
    </state>

    <state number="10">
      <itemset>
        <item rule-number="48" point="1"/>
      </itemset>
      <actions>
        <transitions/>
        <errors/>
        <reductions>
          <reduction symbol="$default" rule="48" enabled="true"/>
        </reductions>
      </actions>
      <solved-conflicts/>
    </state>

    <state number="11">
      <itemset>
        <item rule-number="49" point="1"/>
      </itemset>
      <actions>
        <transitions/>
        <errors/>
        <reductions>
          <reduction symbol="$default" rule="49" enabled="true"/>
        </reductions>
      </actions>
      <solved-conflicts/>
    </state>

    <state number="12">
      <itemset>
        <item rule-number="50" point="1"/>
      </itemset>
      <actions>
        <transitions/>
        <errors/>
        <reductions>
          <reduction symbol="$default" rule="50" enabled="true"/>
        </reductions>
      </actions>
      <solved-conflicts/>
    </state>

    <state number="13">
      <itemset>
        <item rule-number="51" point="1"/>
      </itemset>
      <actions>
        <transitions/>
        <errors/>
        <reductions>
          <reduction symbol="$default" rule="51" enabled="true"/>
        </reductions>
      </actions>
      <solved-conflicts/>
    </state>

    <state number="14">
      <itemset>
        <item rule-number="52" point="1"/>
      </itemset>
      <actions>
        <transitions/>
        <errors/>
        <reductions>
          <reduction symbol="$default" rule="52" enabled="true"/>
        </reductions>
      </actions>
      <solved-conflicts/>
    </state>

    <state number="15">
      <itemset>
        <item rule-number="53" point="1"/>
      </itemset>
      <actions>
        <transitions/>
        <errors/>
        <reductions>
          <reduction symbol="$default" rule="53" enabled="true"/>
        </reductions>
      </actions>
      <solved-conflicts/>
    </state>

    <state number="16">
      <itemset>
        <item rule-number="54" point="1"/>
      </itemset>
      <actions>
        <transitions/>
        <errors/>
        <reductions>
          <reduction symbol="$default" rule="54" enabled="true"/>
        </reductions>
      </actions>
      <solved-conflicts/>
    </state>

    <state number="17">
      <itemset>
        <item rule-number="55" point="1"/>
      </itemset>
      <actions>
        <transitions/>
        <errors/>
        <reductions>
          <reduction symbol="$default" rule="55" enabled="true"/>
        </reductions>
      </actions>
      <solved-conflicts/>
    </state>

    <state number="18">
      <itemset>
        <item rule-number="56" point="1"/>
      </itemset>
      <actions>
        <transitions/>
        <errors/>
        <reductions>
          <reduction symbol="$default" rule="56" enabled="true"/>
        </reductions>
      </actions>
      <solved-conflicts/>
    </state>

    <state number="19">
      <itemset>
        <item rule-number="57" point="1"/>
      </itemset>
      <actions>
        <transitions/>
        <errors/>
        <reductions>
          <reduction symbol="$default" rule="57" enabled="true"/>
        </reductions>
      </actions>
      <solved-conflicts/>
    </state>

    <state number="20">
      <itemset>
        <item rule-number="58" point="1"/>
      </itemset>
      <actions>
        <transitions/>
        <errors/>
        <reductions>
          <reduction symbol="$default" rule="58" enabled="true"/>
        </reductions>
      </actions>
      <solved-conflicts/>
    </state>

    <state number="21">
      <itemset>
        <item rule-number="59" point="1"/>
      </itemset>
      <actions>
        <transitions/>
        <errors/>
        <reductions>
          <reduction symbol="$default" rule="59" enabled="true"/>
        </reductions>
      </actions>
      <solved-conflicts/>
    </state>

    <state number="22">
      <itemset>
        <item rule-number="60" point="1"/>
      </itemset>
      <actions>
        <transitions/>
        <errors/>
        <reductions>
          <reduction symbol="$default" rule="60" enabled="true"/>
        </reductions>
      </actions>
      <solved-conflicts/>
    </state>

    <state number="23">
      <itemset>
        <item rule-number="61" point="1"/>
      </itemset>
      <actions>
        <transitions/>
        <errors/>
        <reductions>
          <reduction symbol="$default" rule="61" enabled="true"/>
        </reductions>
      </actions>
      <solved-conflicts/>
    </state>

    <state number="24">
      <itemset>
        <item rule-number="62" point="1"/>
      </itemset>
      <actions>
        <transitions/>
        <errors/>
        <reductions>
          <reduction symbol="$default" rule="62" enabled="true"/>
        </reductions>
      </actions>
      <solved-conflicts/>
    </state>

    <state number="25">
      <itemset>
        <item rule-number="63" point="1"/>
      </itemset>
      <actions>
        <transitions/>
        <errors/>
        <reductions>
          <reduction symbol="$default" rule="63" enabled="true"/>
        </reductions>
      </actions>
      <solved-conflicts/>
    </state>

    <state number="26">
      <itemset>
        <item rule-number="64" point="1"/>
      </itemset>
      <actions>
        <transitions/>
        <errors/>
        <reductions>
          <reduction symbol="$default" rule="64" enabled="true"/>
        </reductions>
      </actions>
      <solved-conflicts/>
    </state>

    <state number="27">
      <itemset>
        <item rule-number="65" point="1"/>
      </itemset>
      <actions>
        <transitions/>
        <errors/>
        <reductions>
          <reduction symbol="$default" rule="65" enabled="true"/>
        </reductions>
      </actions>
      <solved-conflicts/>
    </state>

    <state number="28">
      <itemset>
        <item rule-number="66" point="1"/>
      </itemset>
      <actions>
        <transitions/>
        <errors/>
        <reductions>
          <reduction symbol="$default" rule="66" enabled="true"/>
        </reductions>
      </actions>
      <solved-conflicts/>
    </state>

    <state number="29">
      <itemset>
        <item rule-number="67" point="1"/>
      </itemset>
      <actions>
        <transitions/>
        <errors/>
        <reductions>
          <reduction symbol="$default" rule="67" enabled="true"/>
        </reductions>
      </actions>
      <solved-conflicts/>
    </state>

    <state number="30">
      <itemset>
        <item rule-number="68" point="1"/>
      </itemset>
      <actions>
        <transitions/>
        <errors/>
        <reductions>
          <reduction symbol="$default" rule="68" enabled="true"/>
        </reductions>
      </actions>
      <solved-conflicts/>
    </state>

    <state number="31">
      <itemset>
        <item rule-number="69" point="1"/>
      </itemset>
      <actions>
        <transitions/>
        <errors/>
        <reductions>
          <reduction symbol="$default" rule="69" enabled="true"/>
        </reductions>
      </actions>
      <solved-conflicts/>
    </state>

    <state number="32">
      <itemset>
        <item rule-number="70" point="1"/>
      </itemset>
      <actions>
        <transitions/>
        <errors/>
        <reductions>
          <reduction symbol="$default" rule="70" enabled="true"/>
        </reductions>
      </actions>
      <solved-conflicts/>
    </state>

    <state number="33">
      <itemset>
        <item rule-number="71" point="1"/>
      </itemset>
      <actions>
        <transitions/>
        <errors/>
        <reductions>
          <reduction symbol="$default" rule="71" enabled="true"/>
        </reductions>
      </actions>
      <solved-conflicts/>
    </state>

    <state number="34">
      <itemset>
        <item rule-number="72" point="1"/>
      </itemset>
      <actions>
        <transitions/>
        <errors/>
        <reductions>
          <reduction symbol="$default" rule="72" enabled="true"/>
        </reductions>
      </actions>
      <solved-conflicts/>
    </state>

    <state number="35">
      <itemset>
        <item rule-number="73" point="1"/>
      </itemset>
      <actions>
        <transitions/>
        <errors/>
        <reductions>
          <reduction symbol="$default" rule="73" enabled="true"/>
        </reductions>
      </actions>
      <solved-conflicts/>
    </state>

    <state number="36">
      <itemset>
        <item rule-number="74" point="1"/>
      </itemset>
      <actions>
        <transitions/>
        <errors/>
        <reductions>
          <reduction symbol="$default" rule="74" enabled="true"/>
        </reductions>
      </actions>
      <solved-conflicts/>
    </state>

    <state number="37">
      <itemset>
        <item rule-number="75" point="1"/>
      </itemset>
      <actions>
        <transitions/>
        <errors/>
        <reductions>
          <reduction symbol="$default" rule="75" enabled="true"/>
        </reductions>
      </actions>
      <solved-conflicts/>
    </state>

    <state number="38">
      <itemset>
        <item rule-number="76" point="1"/>
      </itemset>
      <actions>
        <transitions/>
        <errors/>
        <reductions>
          <reduction symbol="$default" rule="76" enabled="true"/>
        </reductions>
      </actions>
      <solved-conflicts/>
    </state>

    <state number="39">
      <itemset>
        <item rule-number="77" point="1"/>
      </itemset>
      <actions>
        <transitions/>
        <errors/>
        <reductions>
          <reduction symbol="$default" rule="77" enabled="true"/>
        </reductions>
      </actions>
      <solved-conflicts/>
    </state>

    <state number="40">
      <itemset>
        <item rule-number="78" point="1"/>
      </itemset>
      <actions>
        <transitions/>
        <errors/>
        <reductions>
          <reduction symbol="$default" rule="78" enabled="true"/>
        </reductions>
      </actions>
      <solved-conflicts/>
    </state>

    <state number="41">
      <itemset>
        <item rule-number="79" point="1"/>
      </itemset>
      <actions>
        <transitions/>
        <errors/>
        <reductions>
          <reduction symbol="$default" rule="79" enabled="true"/>
        </reductions>
      </actions>
      <solved-conflicts/>
    </state>

    <state number="42">
      <itemset>
        <item rule-number="80" point="1"/>
      </itemset>
      <actions>
        <transitions/>
        <errors/>
        <reductions>
          <reduction symbol="$default" rule="80" enabled="true"/>
        </reductions>
      </actions>
      <solved-conflicts/>
    </state>

    <state number="43">
      <itemset>
        <item rule-number="81" point="1"/>
      </itemset>
      <actions>
        <transitions/>
        <errors/>
        <reductions>
          <reduction symbol="$default" rule="81" enabled="true"/>
        </reductions>
      </actions>
      <solved-conflicts/>
    </state>

    <state number="44">
      <itemset>
        <item rule-number="43" point="1"/>
      </itemset>
      <actions>
        <transitions/>
        <errors/>
        <reductions>
          <reduction symbol="$default" rule="43" enabled="true"/>
        </reductions>
      </actions>
      <solved-conflicts/>
    </state>

    <state number="45">
      <itemset>
        <item rule-number="44" point="1"/>
      </itemset>
      <actions>
        <transitions/>
        <errors/>
        <reductions>
          <reduction symbol="$default" rule="44" enabled="true"/>
        </reductions>
      </actions>
      <solved-conflicts/>
    </state>

    <state number="46">
      <itemset>
        <item rule-number="45" point="1"/>
      </itemset>
      <actions>
        <transitions/>
        <errors/>
        <reductions>
          <reduction symbol="$default" rule="45" enabled="true"/>
        </reductions>
      </actions>
      <solved-conflicts/>
    </state>

    <state number="47">
      <itemset>
        <item rule-number="46" point="1"/>
      </itemset>
      <actions>
        <transitions/>
        <errors/>
        <reductions>
          <reduction symbol="$default" rule="46" enabled="true"/>
        </reductions>
      </actions>
      <solved-conflicts/>
    </state>

    <state number="48">
      <itemset>
        <item rule-number="47" point="1"/>
      </itemset>
      <actions>
        <transitions/>
        <errors/>
        <reductions>
          <reduction symbol="$default" rule="47" enabled="true"/>
        </reductions>
      </actions>
      <solved-conflicts/>
    </state>

    <state number="49">
      <itemset>
        <item rule-number="35" point="1"/>
      </itemset>
      <actions>
        <transitions/>
        <errors/>
        <reductions>
          <reduction symbol="$default" rule="35" enabled="true"/>
        </reductions>
      </actions>
      <solved-conflicts/>
    </state>

    <state number="50">
      <itemset>
        <item rule-number="36" point="1"/>
      </itemset>
      <actions>
        <transitions/>
        <errors/>
        <reductions>
          <reduction symbol="$default" rule="36" enabled="true"/>
        </reductions>
      </actions>
      <solved-conflicts/>
    </state>

    <state number="51">
      <itemset>
        <item rule-number="37" point="1"/>
      </itemset>
      <actions>
        <transitions/>
        <errors/>
        <reductions>
          <reduction symbol="$default" rule="37" enabled="true"/>
        </reductions>
      </actions>
      <solved-conflicts/>
    </state>

    <state number="52">
      <itemset>
        <item rule-number="38" point="1"/>
      </itemset>
      <actions>
        <transitions/>
        <errors/>
        <reductions>
          <reduction symbol="$default" rule="38" enabled="true"/>
        </reductions>
      </actions>
      <solved-conflicts/>
    </state>

    <state number="53">
      <itemset>
        <item rule-number="39" point="1"/>
      </itemset>
      <actions>
        <transitions/>
        <errors/>
        <reductions>
          <reduction symbol="$default" rule="39" enabled="true"/>
        </reductions>
      </actions>
      <solved-conflicts/>
    </state>

    <state number="54">
      <itemset>
        <item rule-number="40" point="1"/>
      </itemset>
      <actions>
        <transitions/>
        <errors/>
        <reductions>
          <reduction symbol="$default" rule="40" enabled="true"/>
        </reductions>
      </actions>
      <solved-conflicts/>
    </state>

    <state number="55">
      <itemset>
        <item rule-number="42" point="1"/>
      </itemset>
      <actions>
        <transitions/>
        <errors/>
        <reductions>
          <reduction symbol="$default" rule="42" enabled="true"/>
        </reductions>
      </actions>
      <solved-conflicts/>
    </state>

    <state number="56">
      <itemset>
        <item rule-number="29" point="1"/>
      </itemset>
      <actions>
        <transitions/>
        <errors/>
        <reductions>
          <reduction symbol="$default" rule="29" enabled="true"/>
        </reductions>
      </actions>
      <solved-conflicts/>
    </state>

    <state number="57">
      <itemset>
        <item rule-number="30" point="1"/>
      </itemset>
      <actions>
        <transitions/>
        <errors/>
        <reductions>
          <reduction symbol="$default" rule="30" enabled="true"/>
        </reductions>
      </actions>
      <solved-conflicts/>
    </state>

    <state number="58">
      <itemset>
        <item rule-number="31" point="1"/>
      </itemset>
      <actions>
        <transitions/>
        <errors/>
        <reductions>
          <reduction symbol="$default" rule="31" enabled="true"/>
        </reductions>
      </actions>
      <solved-conflicts/>
    </state>

    <state number="59">
      <itemset>
        <item rule-number="32" point="1"/>
      </itemset>
      <actions>
        <transitions/>
        <errors/>
        <reductions>
          <reduction symbol="$default" rule="32" enabled="true"/>
        </reductions>
      </actions>
      <solved-conflicts/>
    </state>

    <state number="60">
      <itemset>
        <item rule-number="33" point="1"/>
      </itemset>
      <actions>
        <transitions/>
        <errors/>
        <reductions>
          <reduction symbol="$default" rule="33" enabled="true"/>
        </reductions>
      </actions>
      <solved-conflicts/>
    </state>

    <state number="61">
      <itemset>
        <item rule-number="34" point="1"/>
      </itemset>
      <actions>
        <transitions/>
        <errors/>
        <reductions>
          <reduction symbol="$default" rule="34" enabled="true"/>
        </reductions>
      </actions>
      <solved-conflicts/>
    </state>

    <state number="62">
      <itemset>
        <item rule-number="26" point="1"/>
      </itemset>
      <actions>
        <transitions/>
        <errors/>
        <reductions>
          <reduction symbol="$default" rule="26" enabled="true"/>
        </reductions>
      </actions>
      <solved-conflicts/>
    </state>

    <state number="63">
      <itemset>
        <item rule-number="27" point="1"/>
      </itemset>
      <actions>
        <transitions/>
        <errors/>
        <reductions>
          <reduction symbol="$default" rule="27" enabled="true"/>
        </reductions>
      </actions>
      <solved-conflicts/>
    </state>

    <state number="64">
      <itemset>
        <item rule-number="28" point="1"/>
      </itemset>
      <actions>
        <transitions/>
        <errors/>
        <reductions>
          <reduction symbol="$default" rule="28" enabled="true"/>
        </reductions>
      </actions>
      <solved-conflicts/>
    </state>

    <state number="65">
      <itemset>
        <item rule-number="20" point="1"/>
      </itemset>
      <actions>
        <transitions/>
        <errors/>
        <reductions>
          <reduction symbol="$default" rule="20" enabled="true"/>
        </reductions>
      </actions>
      <solved-conflicts/>
    </state>

    <state number="66">
      <itemset>
        <item rule-number="21" point="1"/>
      </itemset>
      <actions>
        <transitions/>
        <errors/>
        <reductions>
          <reduction symbol="$default" rule="21" enabled="true"/>
        </reductions>
      </actions>
      <solved-conflicts/>
    </state>

    <state number="67">
      <itemset>
        <item rule-number="22" point="1"/>
      </itemset>
      <actions>
        <transitions/>
        <errors/>
        <reductions>
          <reduction symbol="$default" rule="22" enabled="true"/>
        </reductions>
      </actions>
      <solved-conflicts/>
    </state>

    <state number="68">
      <itemset>
        <item rule-number="23" point="1"/>
      </itemset>
      <actions>
        <transitions/>
        <errors/>
        <reductions>
          <reduction symbol="$default" rule="23" enabled="true"/>
        </reductions>
      </actions>
      <solved-conflicts/>
    </state>

    <state number="69">
      <itemset>
        <item rule-number="24" point="1"/>
      </itemset>
      <actions>
        <transitions/>
        <errors/>
        <reductions>
          <reduction symbol="$default" rule="24" enabled="true"/>
        </reductions>
      </actions>
      <solved-conflicts/>
    </state>

    <state number="70">
      <itemset>
        <item rule-number="25" point="1"/>
      </itemset>
      <actions>
        <transitions/>
        <errors/>
        <reductions>
          <reduction symbol="$default" rule="25" enabled="true"/>
        </reductions>
      </actions>
      <solved-conflicts/>
    </state>

    <state number="71">
      <itemset>
        <item rule-number="15" point="1"/>
      </itemset>
      <actions>
        <transitions/>
        <errors/>
        <reductions>
          <reduction symbol="$default" rule="15" enabled="true"/>
        </reductions>
      </actions>
      <solved-conflicts/>
    </state>

    <state number="72">
      <itemset>
        <item rule-number="16" point="1"/>
      </itemset>
      <actions>
        <transitions/>
        <errors/>
        <reductions>
          <reduction symbol="$default" rule="16" enabled="true"/>
        </reductions>
      </actions>
      <solved-conflicts/>
    </state>

    <state number="73">
      <itemset>
        <item rule-number="17" point="1"/>
      </itemset>
      <actions>
        <transitions/>
        <errors/>
        <reductions>
          <reduction symbol="$default" rule="17" enabled="true"/>
        </reductions>
      </actions>
      <solved-conflicts/>
    </state>

    <state number="74">
      <itemset>
        <item rule-number="18" point="1"/>
      </itemset>
      <actions>
        <transitions/>
        <errors/>
        <reductions>
          <reduction symbol="$default" rule="18" enabled="true"/>
        </reductions>
      </actions>
      <solved-conflicts/>
    </state>

    <state number="75">
      <itemset>
        <item rule-number="19" point="1"/>
      </itemset>
      <actions>
        <transitions/>
        <errors/>
        <reductions>
          <reduction symbol="$default" rule="19" enabled="true"/>
        </reductions>
      </actions>
      <solved-conflicts/>
    </state>

    <state number="76">
      <itemset>
        <item rule-number="10" point="1"/>
      </itemset>
      <actions>
        <transitions/>
        <errors/>
        <reductions>
          <reduction symbol="$default" rule="10" enabled="true"/>
        </reductions>
      </actions>
      <solved-conflicts/>
    </state>

    <state number="77">
      <itemset>
        <item rule-number="11" point="1"/>
      </itemset>
      <actions>
        <transitions/>
        <errors/>
        <reductions>
          <reduction symbol="$default" rule="11" enabled="true"/>
        </reductions>
      </actions>
      <solved-conflicts/>
    </state>

    <state number="78">
      <itemset>
        <item rule-number="12" point="1"/>
      </itemset>
      <actions>
        <transitions/>
        <errors/>
        <reductions>
          <reduction symbol="$default" rule="12" enabled="true"/>
        </reductions>
      </actions>
      <solved-conflicts/>
    </state>

    <state number="79">
      <itemset>
        <item rule-number="13" point="1"/>
      </itemset>
      <actions>
        <transitions/>
        <errors/>
        <reductions>
          <reduction symbol="$default" rule="13" enabled="true"/>
        </reductions>
      </actions>
      <solved-conflicts/>
    </state>

    <state number="80">
      <itemset>
        <item rule-number="14" point="1"/>
      </itemset>
      <actions>
        <transitions/>
        <errors/>
        <reductions>
          <reduction symbol="$default" rule="14" enabled="true"/>
        </reductions>
      </actions>
      <solved-conflicts/>
    </state>

    <state number="81">
      <itemset>
        <item rule-number="5" point="5"/>
        <item rule-number="7" point="5"/>
        <item rule-number="82" point="0"/>
        <item rule-number="83" point="0"/>
        <item rule-number="84" point="0"/>
        <item rule-number="85" point="0"/>
        <item rule-number="86" point="0"/>
        <item rule-number="87" point="0"/>
        <item rule-number="88" point="0"/>
        <item rule-number="89" point="0"/>
        <item rule-number="90" point="0"/>
        <item rule-number="91" point="0"/>
        <item rule-number="92" point="0"/>
        <item rule-number="93" point="0"/>
      </itemset>
      <actions>
        <transitions>
          <transition type="shift" symbol="','" state="84"/>
          <transition type="shift" symbol="'.'" state="85"/>
          <transition type="shift" symbol="'('" state="86"/>
          <transition type="shift" symbol="')'" state="87"/>
          <transition type="shift" symbol="'{'" state="88"/>
          <transition type="shift" symbol="'}'" state="89"/>
          <transition type="shift" symbol="'['" state="90"/>
          <transition type="shift" symbol="']'" state="91"/>
          <transition type="shift" symbol="'#'" state="92"/>
          <transition type="shift" symbol="'='" state="93"/>
          <transition type="shift" symbol="'?'" state="94"/>
          <transition type="shift" symbol="':'" state="95"/>
          <transition type="goto" symbol="Z" state="96"/>
        </transitions>
        <errors/>
        <reductions/>
      </actions>
      <solved-conflicts/>
    </state>

    <state number="82">
      <itemset>
        <item rule-number="41" point="1"/>
      </itemset>
      <actions>
        <transitions/>
        <errors/>
        <reductions>
          <reduction symbol="$default" rule="41" enabled="true"/>
        </reductions>
      </actions>
      <solved-conflicts/>
    </state>

    <state number="83">
      <itemset>
        <item rule-number="4" point="5"/>
        <item rule-number="6" point="5"/>
      </itemset>
      <actions>
        <transitions>
          <transition type="shift" symbol="AT" state="97"/>
          <transition type="shift" symbol="','" state="98"/>
        </transitions>
        <errors/>
        <reductions/>
      </actions>
      <solved-conflicts/>
    </state>

    <state number="84">
      <itemset>
        <item rule-number="91" point="1"/>
      </itemset>
      <actions>
        <transitions/>
        <errors/>
        <reductions>
          <reduction symbol="$default" rule="91" enabled="true"/>
        </reductions>
      </actions>
      <solved-conflicts/>
    </state>

    <state number="85">
      <itemset>
        <item rule-number="88" point="1"/>
      </itemset>
      <actions>
        <transitions/>
        <errors/>
        <reductions>
          <reduction symbol="$default" rule="88" enabled="true"/>
        </reductions>
      </actions>
      <solved-conflicts/>
    </state>

    <state number="86">
      <itemset>
        <item rule-number="82" point="1"/>
      </itemset>
      <actions>
        <transitions/>
        <errors/>
        <reductions>
          <reduction symbol="$default" rule="82" enabled="true"/>
        </reductions>
      </actions>
      <solved-conflicts/>
    </state>

    <state number="87">
      <itemset>
        <item rule-number="83" point="1"/>
      </itemset>
      <actions>
        <transitions/>
        <errors/>
        <reductions>
          <reduction symbol="$default" rule="83" enabled="true"/>
        </reductions>
      </actions>
      <solved-conflicts/>
    </state>

    <state number="88">
      <itemset>
        <item rule-number="84" point="1"/>
      </itemset>
      <actions>
        <transitions/>
        <errors/>
        <reductions>
          <reduction symbol="$default" rule="84" enabled="true"/>
        </reductions>
      </actions>
      <solved-conflicts/>
    </state>

    <state number="89">
      <itemset>
        <item rule-number="85" point="1"/>
      </itemset>
      <actions>
        <transitions/>
        <errors/>
        <reductions>
          <reduction symbol="$default" rule="85" enabled="true"/>
        </reductions>
      </actions>
      <solved-conflicts/>
    </state>

    <state number="90">
      <itemset>
        <item rule-number="86" point="1"/>
      </itemset>
      <actions>
        <transitions/>
        <errors/>
        <reductions>
          <reduction symbol="$default" rule="86" enabled="true"/>
        </reductions>
      </actions>
      <solved-conflicts/>
    </state>

    <state number="91">
      <itemset>
        <item rule-number="87" point="1"/>
      </itemset>
      <actions>
        <transitions/>
        <errors/>
        <reductions>
          <reduction symbol="$default" rule="87" enabled="true"/>
        </reductions>
      </actions>
      <solved-conflicts/>
    </state>

    <state number="92">
      <itemset>
        <item rule-number="89" point="1"/>
      </itemset>
      <actions>
        <transitions/>
        <errors/>
        <reductions>
          <reduction symbol="$default" rule="89" enabled="true"/>
        </reductions>
      </actions>
      <solved-conflicts/>
    </state>

    <state number="93">
      <itemset>
        <item rule-number="90" point="1"/>
      </itemset>
      <actions>
        <transitions/>
        <errors/>
        <reductions>
          <reduction symbol="$default" rule="90" enabled="true"/>
        </reductions>
      </actions>
      <solved-conflicts/>
    </state>

    <state number="94">
      <itemset>
        <item rule-number="92" point="1"/>
      </itemset>
      <actions>
        <transitions/>
        <errors/>
        <reductions>
          <reduction symbol="$default" rule="92" enabled="true"/>
        </reductions>
      </actions>
      <solved-conflicts/>
    </state>

    <state number="95">
      <itemset>
        <item rule-number="93" point="1"/>
      </itemset>
      <actions>
        <transitions/>
        <errors/>
        <reductions>
          <reduction symbol="$default" rule="93" enabled="true"/>
        </reductions>
      </actions>
      <solved-conflicts/>
    </state>

    <state number="96">
      <itemset>
        <item rule-number="5" point="6"/>
        <item rule-number="7" point="6"/>
      </itemset>
      <actions>
        <transitions>
          <transition type="shift" symbol="AP" state="99"/>
        </transitions>
        <errors/>
        <reductions/>
      </actions>
      <solved-conflicts/>
    </state>

    <state number="97">
      <itemset>
        <item rule-number="6" point="6"/>
      </itemset>
      <actions>
        <transitions>
          <transition type="shift" symbol="LINE" state="100"/>
        </transitions>
        <errors/>
        <reductions/>
      </actions>
      <solved-conflicts/>
    </state>

    <state number="98">
      <itemset>
        <item rule-number="4" point="6"/>
      </itemset>
      <actions>
        <transitions>
          <transition type="shift" symbol="EXPECTING" state="101"/>
        </transitions>
        <errors/>
        <reductions/>
      </actions>
      <solved-conflicts/>
    </state>

    <state number="99">
      <itemset>
        <item rule-number="5" point="7"/>
        <item rule-number="7" point="7"/>
      </itemset>
      <actions>
        <transitions>
          <transition type="shift" symbol="AT" state="102"/>
          <transition type="shift" symbol="','" state="103"/>
        </transitions>
        <errors/>
        <reductions/>
      </actions>
      <solved-conflicts/>
    </state>

    <state number="100">
      <itemset>
        <item rule-number="6" point="7"/>
      </itemset>
      <actions>
        <transitions>
          <transition type="shift" symbol="INTEGER" state="104"/>
        </transitions>
        <errors/>
        <reductions/>
      </actions>
      <solved-conflicts/>
    </state>

    <state number="101">
      <itemset>
        <item rule-number="4" point="7"/>
        <item rule-number="8" point="0"/>
        <item rule-number="9" point="0"/>
        <item rule-number="10" point="0"/>
        <item rule-number="11" point="0"/>
        <item rule-number="12" point="0"/>
        <item rule-number="13" point="0"/>
        <item rule-number="14" point="0"/>
        <item rule-number="15" point="0"/>
        <item rule-number="16" point="0"/>
        <item rule-number="17" point="0"/>
        <item rule-number="18" point="0"/>
        <item rule-number="19" point="0"/>
        <item rule-number="20" point="0"/>
        <item rule-number="21" point="0"/>
        <item rule-number="22" point="0"/>
        <item rule-number="23" point="0"/>
        <item rule-number="24" point="0"/>
        <item rule-number="25" point="0"/>
        <item rule-number="26" point="0"/>
        <item rule-number="27" point="0"/>
        <item rule-number="28" point="0"/>
        <item rule-number="29" point="0"/>
        <item rule-number="30" point="0"/>
        <item rule-number="31" point="0"/>
        <item rule-number="32" point="0"/>
        <item rule-number="33" point="0"/>
        <item rule-number="34" point="0"/>
        <item rule-number="35" point="0"/>
        <item rule-number="36" point="0"/>
        <item rule-number="37" point="0"/>
        <item rule-number="38" point="0"/>
        <item rule-number="39" point="0"/>
        <item rule-number="40" point="0"/>
        <item rule-number="41" point="0"/>
        <item rule-number="42" point="0"/>
        <item rule-number="43" point="0"/>
        <item rule-number="44" point="0"/>
        <item rule-number="45" point="0"/>
        <item rule-number="46" point="0"/>
        <item rule-number="47" point="0"/>
        <item rule-number="48" point="0"/>
        <item rule-number="49" point="0"/>
        <item rule-number="50" point="0"/>
        <item rule-number="51" point="0"/>
        <item rule-number="52" point="0"/>
        <item rule-number="53" point="0"/>
        <item rule-number="54" point="0"/>
        <item rule-number="55" point="0"/>
        <item rule-number="56" point="0"/>
        <item rule-number="57" point="0"/>
        <item rule-number="58" point="0"/>
        <item rule-number="59" point="0"/>
        <item rule-number="60" point="0"/>
        <item rule-number="61" point="0"/>
        <item rule-number="62" point="0"/>
        <item rule-number="63" point="0"/>
        <item rule-number="64" point="0"/>
        <item rule-number="65" point="0"/>
        <item rule-number="66" point="0"/>
        <item rule-number="67" point="0"/>
        <item rule-number="68" point="0"/>
        <item rule-number="69" point="0"/>
        <item rule-number="70" point="0"/>
        <item rule-number="71" point="0"/>
        <item rule-number="72" point="0"/>
        <item rule-number="73" point="0"/>
        <item rule-number="74" point="0"/>
        <item rule-number="75" point="0"/>
        <item rule-number="76" point="0"/>
        <item rule-number="77" point="0"/>
        <item rule-number="78" point="0"/>
        <item rule-number="79" point="0"/>
        <item rule-number="80" point="0"/>
        <item rule-number="81" point="0"/>
      </itemset>
      <actions>
        <transitions>
          <transition type="shift" symbol="DEFINE" state="10"/>
          <transition type="shift" symbol="INCLUDE" state="11"/>
          <transition type="shift" symbol="AUTO" state="12"/>
          <transition type="shift" symbol="STRUCT" state="13"/>
          <transition type="shift" symbol="DOUBLE" state="14"/>
          <transition type="shift" symbol="INT" state="15"/>
          <transition type="shift" symbol="LONG" state="16"/>
          <transition type="shift" symbol="SHORT" state="17"/>
          <transition type="shift" symbol="CHAR" state="18"/>
          <transition type="shift" symbol="FLOAT" state="19"/>
          <transition type="shift" symbol="CONST" state="20"/>
          <transition type="shift" symbol="SIGNED" state="21"/>
          <transition type="shift" symbol="SIZEOF" state="22"/>
          <transition type="shift" symbol="TYPEDEF" state="23"/>
          <transition type="shift" symbol="RETURN" state="24"/>
          <transition type="shift" symbol="VOID" state="25"/>
          <transition type="shift" symbol="STATIC" state="26"/>
          <transition type="shift" symbol="UNSIGNED" state="27"/>
          <transition type="shift" symbol="ENUM" state="28"/>
          <transition type="shift" symbol="EXTERN" state="29"/>
          <transition type="shift" symbol="REGISTER" state="30"/>
          <transition type="shift" symbol="UNION" state="31"/>
          <transition type="shift" symbol="VOLATILE" state="32"/>
          <transition type="shift" symbol="WHILE" state="33"/>
          <transition type="shift" symbol="DO" state="34"/>
          <transition type="shift" symbol="FOR" state="35"/>
          <transition type="shift" symbol="IF" state="36"/>
          <transition type="shift" symbol="ELSE" state="37"/>
          <transition type="shift" symbol="SWITCH" state="38"/>
          <transition type="shift" symbol="CASE" state="39"/>
          <transition type="shift" symbol="BREAK" state="40"/>
          <transition type="shift" symbol="DEFAULT" state="41"/>
          <transition type="shift" symbol="GOTO" state="42"/>
          <transition type="shift" symbol="CONTINUE" state="43"/>
          <transition type="shift" symbol="VALINT" state="44"/>
          <transition type="shift" symbol="VALREAL" state="45"/>
          <transition type="shift" symbol="VALCHAR" state="46"/>
          <transition type="shift" symbol="VALSTR" state="47"/>
          <transition type="shift" symbol="ID" state="48"/>
          <transition type="shift" symbol="ADD" state="49"/>
          <transition type="shift" symbol="MINUS" state="50"/>
          <transition type="shift" symbol="MULT" state="51"/>
          <transition type="shift" symbol="DIVIDE" state="52"/>
          <transition type="shift" symbol="MOD" state="53"/>
          <transition type="shift" symbol="INCR" state="54"/>
          <transition type="shift" symbol="DECR" state="55"/>
          <transition type="shift" symbol="EQUAL" state="56"/>
          <transition type="shift" symbol="DIF" state="57"/>
          <transition type="shift" symbol="SUP" state="58"/>
          <transition type="shift" symbol="INF" state="59"/>
          <transition type="shift" symbol="SUPEQ" state="60"/>
          <transition type="shift" symbol="INFEQ" state="61"/>
          <transition type="shift" symbol="AND" state="62"/>
          <transition type="shift" symbol="OR" state="63"/>
          <transition type="shift" symbol="NOT" state="64"/>
          <transition type="shift" symbol="BAND" state="65"/>
          <transition type="shift" symbol="BOR" state="66"/>
          <transition type="shift" symbol="BXOR" state="67"/>
          <transition type="shift" symbol="BOC" state="68"/>
          <transition type="shift" symbol="LSHIFT" state="69"/>
          <transition type="shift" symbol="RSHIFT" state="70"/>
          <transition type="shift" symbol="ASSADD" state="71"/>
          <transition type="shift" symbol="ASSMINUS" state="72"/>
          <transition type="shift" symbol="ASSMULT" state="73"/>
          <transition type="shift" symbol="ASSDIVIDE" state="74"/>
          <transition type="shift" symbol="ASSMOD" state="75"/>
          <transition type="shift" symbol="ASSBAND" state="76"/>
          <transition type="shift" symbol="ASSBOR" state="77"/>
          <transition type="shift" symbol="ASSBXOR" state="78"/>
          <transition type="shift" symbol="ASSLSHIFT" state="79"/>
          <transition type="shift" symbol="ASSRSHIFT" state="80"/>
          <transition type="shift" symbol="EL" state="82"/>
          <transition type="goto" symbol="Y" state="105"/>
          <transition type="goto" symbol="X" state="106"/>
        </transitions>
        <errors/>
        <reductions/>
      </actions>
      <solved-conflicts/>
    </state>

    <state number="102">
      <itemset>
        <item rule-number="7" point="8"/>
      </itemset>
      <actions>
        <transitions>
          <transition type="shift" symbol="LINE" state="107"/>
        </transitions>
        <errors/>
        <reductions/>
      </actions>
      <solved-conflicts/>
    </state>

    <state number="103">
      <itemset>
        <item rule-number="5" point="8"/>
      </itemset>
      <actions>
        <transitions>
          <transition type="shift" symbol="EXPECTING" state="108"/>
        </transitions>
        <errors/>
        <reductions/>
      </actions>
      <solved-conflicts/>
    </state>

    <state number="104">
      <itemset>
        <item rule-number="6" point="8"/>
      </itemset>
      <actions>
        <transitions>
          <transition type="shift" symbol="'.'" state="109"/>
        </transitions>
        <errors/>
        <reductions/>
      </actions>
      <solved-conflicts/>
    </state>

    <state number="105">
      <itemset>
        <item rule-number="4" point="8"/>
        <item rule-number="8" point="1"/>
      </itemset>
      <actions>
        <transitions>
          <transition type="shift" symbol="AT" state="110"/>
          <transition type="shift" symbol="ORM" state="111"/>
        </transitions>
        <errors/>
        <reductions/>
      </actions>
      <solved-conflicts/>
    </state>

    <state number="106">
      <itemset>
        <item rule-number="9" point="1"/>
      </itemset>
      <actions>
        <transitions/>
        <errors/>
        <reductions>
          <reduction symbol="$default" rule="9" enabled="true"/>
        </reductions>
      </actions>
      <solved-conflicts/>
    </state>

    <state number="107">
      <itemset>
        <item rule-number="7" point="9"/>
      </itemset>
      <actions>
        <transitions>
          <transition type="shift" symbol="INTEGER" state="112"/>
        </transitions>
        <errors/>
        <reductions/>
      </actions>
      <solved-conflicts/>
    </state>

    <state number="108">
      <itemset>
        <item rule-number="5" point="9"/>
        <item rule-number="8" point="0"/>
        <item rule-number="9" point="0"/>
        <item rule-number="10" point="0"/>
        <item rule-number="11" point="0"/>
        <item rule-number="12" point="0"/>
        <item rule-number="13" point="0"/>
        <item rule-number="14" point="0"/>
        <item rule-number="15" point="0"/>
        <item rule-number="16" point="0"/>
        <item rule-number="17" point="0"/>
        <item rule-number="18" point="0"/>
        <item rule-number="19" point="0"/>
        <item rule-number="20" point="0"/>
        <item rule-number="21" point="0"/>
        <item rule-number="22" point="0"/>
        <item rule-number="23" point="0"/>
        <item rule-number="24" point="0"/>
        <item rule-number="25" point="0"/>
        <item rule-number="26" point="0"/>
        <item rule-number="27" point="0"/>
        <item rule-number="28" point="0"/>
        <item rule-number="29" point="0"/>
        <item rule-number="30" point="0"/>
        <item rule-number="31" point="0"/>
        <item rule-number="32" point="0"/>
        <item rule-number="33" point="0"/>
        <item rule-number="34" point="0"/>
        <item rule-number="35" point="0"/>
        <item rule-number="36" point="0"/>
        <item rule-number="37" point="0"/>
        <item rule-number="38" point="0"/>
        <item rule-number="39" point="0"/>
        <item rule-number="40" point="0"/>
        <item rule-number="41" point="0"/>
        <item rule-number="42" point="0"/>
        <item rule-number="43" point="0"/>
        <item rule-number="44" point="0"/>
        <item rule-number="45" point="0"/>
        <item rule-number="46" point="0"/>
        <item rule-number="47" point="0"/>
        <item rule-number="48" point="0"/>
        <item rule-number="49" point="0"/>
        <item rule-number="50" point="0"/>
        <item rule-number="51" point="0"/>
        <item rule-number="52" point="0"/>
        <item rule-number="53" point="0"/>
        <item rule-number="54" point="0"/>
        <item rule-number="55" point="0"/>
        <item rule-number="56" point="0"/>
        <item rule-number="57" point="0"/>
        <item rule-number="58" point="0"/>
        <item rule-number="59" point="0"/>
        <item rule-number="60" point="0"/>
        <item rule-number="61" point="0"/>
        <item rule-number="62" point="0"/>
        <item rule-number="63" point="0"/>
        <item rule-number="64" point="0"/>
        <item rule-number="65" point="0"/>
        <item rule-number="66" point="0"/>
        <item rule-number="67" point="0"/>
        <item rule-number="68" point="0"/>
        <item rule-number="69" point="0"/>
        <item rule-number="70" point="0"/>
        <item rule-number="71" point="0"/>
        <item rule-number="72" point="0"/>
        <item rule-number="73" point="0"/>
        <item rule-number="74" point="0"/>
        <item rule-number="75" point="0"/>
        <item rule-number="76" point="0"/>
        <item rule-number="77" point="0"/>
        <item rule-number="78" point="0"/>
        <item rule-number="79" point="0"/>
        <item rule-number="80" point="0"/>
        <item rule-number="81" point="0"/>
      </itemset>
      <actions>
        <transitions>
          <transition type="shift" symbol="DEFINE" state="10"/>
          <transition type="shift" symbol="INCLUDE" state="11"/>
          <transition type="shift" symbol="AUTO" state="12"/>
          <transition type="shift" symbol="STRUCT" state="13"/>
          <transition type="shift" symbol="DOUBLE" state="14"/>
          <transition type="shift" symbol="INT" state="15"/>
          <transition type="shift" symbol="LONG" state="16"/>
          <transition type="shift" symbol="SHORT" state="17"/>
          <transition type="shift" symbol="CHAR" state="18"/>
          <transition type="shift" symbol="FLOAT" state="19"/>
          <transition type="shift" symbol="CONST" state="20"/>
          <transition type="shift" symbol="SIGNED" state="21"/>
          <transition type="shift" symbol="SIZEOF" state="22"/>
          <transition type="shift" symbol="TYPEDEF" state="23"/>
          <transition type="shift" symbol="RETURN" state="24"/>
          <transition type="shift" symbol="VOID" state="25"/>
          <transition type="shift" symbol="STATIC" state="26"/>
          <transition type="shift" symbol="UNSIGNED" state="27"/>
          <transition type="shift" symbol="ENUM" state="28"/>
          <transition type="shift" symbol="EXTERN" state="29"/>
          <transition type="shift" symbol="REGISTER" state="30"/>
          <transition type="shift" symbol="UNION" state="31"/>
          <transition type="shift" symbol="VOLATILE" state="32"/>
          <transition type="shift" symbol="WHILE" state="33"/>
          <transition type="shift" symbol="DO" state="34"/>
          <transition type="shift" symbol="FOR" state="35"/>
          <transition type="shift" symbol="IF" state="36"/>
          <transition type="shift" symbol="ELSE" state="37"/>
          <transition type="shift" symbol="SWITCH" state="38"/>
          <transition type="shift" symbol="CASE" state="39"/>
          <transition type="shift" symbol="BREAK" state="40"/>
          <transition type="shift" symbol="DEFAULT" state="41"/>
          <transition type="shift" symbol="GOTO" state="42"/>
          <transition type="shift" symbol="CONTINUE" state="43"/>
          <transition type="shift" symbol="VALINT" state="44"/>
          <transition type="shift" symbol="VALREAL" state="45"/>
          <transition type="shift" symbol="VALCHAR" state="46"/>
          <transition type="shift" symbol="VALSTR" state="47"/>
          <transition type="shift" symbol="ID" state="48"/>
          <transition type="shift" symbol="ADD" state="49"/>
          <transition type="shift" symbol="MINUS" state="50"/>
          <transition type="shift" symbol="MULT" state="51"/>
          <transition type="shift" symbol="DIVIDE" state="52"/>
          <transition type="shift" symbol="MOD" state="53"/>
          <transition type="shift" symbol="INCR" state="54"/>
          <transition type="shift" symbol="DECR" state="55"/>
          <transition type="shift" symbol="EQUAL" state="56"/>
          <transition type="shift" symbol="DIF" state="57"/>
          <transition type="shift" symbol="SUP" state="58"/>
          <transition type="shift" symbol="INF" state="59"/>
          <transition type="shift" symbol="SUPEQ" state="60"/>
          <transition type="shift" symbol="INFEQ" state="61"/>
          <transition type="shift" symbol="AND" state="62"/>
          <transition type="shift" symbol="OR" state="63"/>
          <transition type="shift" symbol="NOT" state="64"/>
          <transition type="shift" symbol="BAND" state="65"/>
          <transition type="shift" symbol="BOR" state="66"/>
          <transition type="shift" symbol="BXOR" state="67"/>
          <transition type="shift" symbol="BOC" state="68"/>
          <transition type="shift" symbol="LSHIFT" state="69"/>
          <transition type="shift" symbol="RSHIFT" state="70"/>
          <transition type="shift" symbol="ASSADD" state="71"/>
          <transition type="shift" symbol="ASSMINUS" state="72"/>
          <transition type="shift" symbol="ASSMULT" state="73"/>
          <transition type="shift" symbol="ASSDIVIDE" state="74"/>
          <transition type="shift" symbol="ASSMOD" state="75"/>
          <transition type="shift" symbol="ASSBAND" state="76"/>
          <transition type="shift" symbol="ASSBOR" state="77"/>
          <transition type="shift" symbol="ASSBXOR" state="78"/>
          <transition type="shift" symbol="ASSLSHIFT" state="79"/>
          <transition type="shift" symbol="ASSRSHIFT" state="80"/>
          <transition type="shift" symbol="EL" state="82"/>
          <transition type="goto" symbol="Y" state="113"/>
          <transition type="goto" symbol="X" state="106"/>
        </transitions>
        <errors/>
        <reductions/>
      </actions>
      <solved-conflicts/>
    </state>

    <state number="109">
      <itemset>
        <item rule-number="6" point="9"/>
      </itemset>
      <actions>
        <transitions/>
        <errors/>
        <reductions>
          <reduction symbol="$default" rule="6" enabled="true"/>
        </reductions>
      </actions>
      <solved-conflicts/>
    </state>

    <state number="110">
      <itemset>
        <item rule-number="4" point="9"/>
      </itemset>
      <actions>
        <transitions>
          <transition type="shift" symbol="LINE" state="114"/>
        </transitions>
        <errors/>
        <reductions/>
      </actions>
      <solved-conflicts/>
    </state>

    <state number="111">
      <itemset>
        <item rule-number="8" point="0"/>
        <item rule-number="8" point="2"/>
        <item rule-number="9" point="0"/>
        <item rule-number="10" point="0"/>
        <item rule-number="11" point="0"/>
        <item rule-number="12" point="0"/>
        <item rule-number="13" point="0"/>
        <item rule-number="14" point="0"/>
        <item rule-number="15" point="0"/>
        <item rule-number="16" point="0"/>
        <item rule-number="17" point="0"/>
        <item rule-number="18" point="0"/>
        <item rule-number="19" point="0"/>
        <item rule-number="20" point="0"/>
        <item rule-number="21" point="0"/>
        <item rule-number="22" point="0"/>
        <item rule-number="23" point="0"/>
        <item rule-number="24" point="0"/>
        <item rule-number="25" point="0"/>
        <item rule-number="26" point="0"/>
        <item rule-number="27" point="0"/>
        <item rule-number="28" point="0"/>
        <item rule-number="29" point="0"/>
        <item rule-number="30" point="0"/>
        <item rule-number="31" point="0"/>
        <item rule-number="32" point="0"/>
        <item rule-number="33" point="0"/>
        <item rule-number="34" point="0"/>
        <item rule-number="35" point="0"/>
        <item rule-number="36" point="0"/>
        <item rule-number="37" point="0"/>
        <item rule-number="38" point="0"/>
        <item rule-number="39" point="0"/>
        <item rule-number="40" point="0"/>
        <item rule-number="41" point="0"/>
        <item rule-number="42" point="0"/>
        <item rule-number="43" point="0"/>
        <item rule-number="44" point="0"/>
        <item rule-number="45" point="0"/>
        <item rule-number="46" point="0"/>
        <item rule-number="47" point="0"/>
        <item rule-number="48" point="0"/>
        <item rule-number="49" point="0"/>
        <item rule-number="50" point="0"/>
        <item rule-number="51" point="0"/>
        <item rule-number="52" point="0"/>
        <item rule-number="53" point="0"/>
        <item rule-number="54" point="0"/>
        <item rule-number="55" point="0"/>
        <item rule-number="56" point="0"/>
        <item rule-number="57" point="0"/>
        <item rule-number="58" point="0"/>
        <item rule-number="59" point="0"/>
        <item rule-number="60" point="0"/>
        <item rule-number="61" point="0"/>
        <item rule-number="62" point="0"/>
        <item rule-number="63" point="0"/>
        <item rule-number="64" point="0"/>
        <item rule-number="65" point="0"/>
        <item rule-number="66" point="0"/>
        <item rule-number="67" point="0"/>
        <item rule-number="68" point="0"/>
        <item rule-number="69" point="0"/>
        <item rule-number="70" point="0"/>
        <item rule-number="71" point="0"/>
        <item rule-number="72" point="0"/>
        <item rule-number="73" point="0"/>
        <item rule-number="74" point="0"/>
        <item rule-number="75" point="0"/>
        <item rule-number="76" point="0"/>
        <item rule-number="77" point="0"/>
        <item rule-number="78" point="0"/>
        <item rule-number="79" point="0"/>
        <item rule-number="80" point="0"/>
        <item rule-number="81" point="0"/>
      </itemset>
      <actions>
        <transitions>
          <transition type="shift" symbol="DEFINE" state="10"/>
          <transition type="shift" symbol="INCLUDE" state="11"/>
          <transition type="shift" symbol="AUTO" state="12"/>
          <transition type="shift" symbol="STRUCT" state="13"/>
          <transition type="shift" symbol="DOUBLE" state="14"/>
          <transition type="shift" symbol="INT" state="15"/>
          <transition type="shift" symbol="LONG" state="16"/>
          <transition type="shift" symbol="SHORT" state="17"/>
          <transition type="shift" symbol="CHAR" state="18"/>
          <transition type="shift" symbol="FLOAT" state="19"/>
          <transition type="shift" symbol="CONST" state="20"/>
          <transition type="shift" symbol="SIGNED" state="21"/>
          <transition type="shift" symbol="SIZEOF" state="22"/>
          <transition type="shift" symbol="TYPEDEF" state="23"/>
          <transition type="shift" symbol="RETURN" state="24"/>
          <transition type="shift" symbol="VOID" state="25"/>
          <transition type="shift" symbol="STATIC" state="26"/>
          <transition type="shift" symbol="UNSIGNED" state="27"/>
          <transition type="shift" symbol="ENUM" state="28"/>
          <transition type="shift" symbol="EXTERN" state="29"/>
          <transition type="shift" symbol="REGISTER" state="30"/>
          <transition type="shift" symbol="UNION" state="31"/>
          <transition type="shift" symbol="VOLATILE" state="32"/>
          <transition type="shift" symbol="WHILE" state="33"/>
          <transition type="shift" symbol="DO" state="34"/>
          <transition type="shift" symbol="FOR" state="35"/>
          <transition type="shift" symbol="IF" state="36"/>
          <transition type="shift" symbol="ELSE" state="37"/>
          <transition type="shift" symbol="SWITCH" state="38"/>
          <transition type="shift" symbol="CASE" state="39"/>
          <transition type="shift" symbol="BREAK" state="40"/>
          <transition type="shift" symbol="DEFAULT" state="41"/>
          <transition type="shift" symbol="GOTO" state="42"/>
          <transition type="shift" symbol="CONTINUE" state="43"/>
          <transition type="shift" symbol="VALINT" state="44"/>
          <transition type="shift" symbol="VALREAL" state="45"/>
          <transition type="shift" symbol="VALCHAR" state="46"/>
          <transition type="shift" symbol="VALSTR" state="47"/>
          <transition type="shift" symbol="ID" state="48"/>
          <transition type="shift" symbol="ADD" state="49"/>
          <transition type="shift" symbol="MINUS" state="50"/>
          <transition type="shift" symbol="MULT" state="51"/>
          <transition type="shift" symbol="DIVIDE" state="52"/>
          <transition type="shift" symbol="MOD" state="53"/>
          <transition type="shift" symbol="INCR" state="54"/>
          <transition type="shift" symbol="DECR" state="55"/>
          <transition type="shift" symbol="EQUAL" state="56"/>
          <transition type="shift" symbol="DIF" state="57"/>
          <transition type="shift" symbol="SUP" state="58"/>
          <transition type="shift" symbol="INF" state="59"/>
          <transition type="shift" symbol="SUPEQ" state="60"/>
          <transition type="shift" symbol="INFEQ" state="61"/>
          <transition type="shift" symbol="AND" state="62"/>
          <transition type="shift" symbol="OR" state="63"/>
          <transition type="shift" symbol="NOT" state="64"/>
          <transition type="shift" symbol="BAND" state="65"/>
          <transition type="shift" symbol="BOR" state="66"/>
          <transition type="shift" symbol="BXOR" state="67"/>
          <transition type="shift" symbol="BOC" state="68"/>
          <transition type="shift" symbol="LSHIFT" state="69"/>
          <transition type="shift" symbol="RSHIFT" state="70"/>
          <transition type="shift" symbol="ASSADD" state="71"/>
          <transition type="shift" symbol="ASSMINUS" state="72"/>
          <transition type="shift" symbol="ASSMULT" state="73"/>
          <transition type="shift" symbol="ASSDIVIDE" state="74"/>
          <transition type="shift" symbol="ASSMOD" state="75"/>
          <transition type="shift" symbol="ASSBAND" state="76"/>
          <transition type="shift" symbol="ASSBOR" state="77"/>
          <transition type="shift" symbol="ASSBXOR" state="78"/>
          <transition type="shift" symbol="ASSLSHIFT" state="79"/>
          <transition type="shift" symbol="ASSRSHIFT" state="80"/>
          <transition type="shift" symbol="EL" state="82"/>
          <transition type="goto" symbol="Y" state="115"/>
          <transition type="goto" symbol="X" state="106"/>
        </transitions>
        <errors/>
        <reductions/>
      </actions>
      <solved-conflicts/>
    </state>

    <state number="112">
      <itemset>
        <item rule-number="7" point="10"/>
      </itemset>
      <actions>
        <transitions>
          <transition type="shift" symbol="'.'" state="116"/>
        </transitions>
        <errors/>
        <reductions/>
      </actions>
      <solved-conflicts/>
    </state>

    <state number="113">
      <itemset>
        <item rule-number="5" point="10"/>
        <item rule-number="8" point="1"/>
      </itemset>
      <actions>
        <transitions>
          <transition type="shift" symbol="AT" state="117"/>
          <transition type="shift" symbol="ORM" state="111"/>
        </transitions>
        <errors/>
        <reductions/>
      </actions>
      <solved-conflicts/>
    </state>

    <state number="114">
      <itemset>
        <item rule-number="4" point="10"/>
      </itemset>
      <actions>
        <transitions>
          <transition type="shift" symbol="INTEGER" state="118"/>
        </transitions>
        <errors/>
        <reductions/>
      </actions>
      <solved-conflicts/>
    </state>

    <state number="115">
      <itemset>
        <item rule-number="8" point="1"/>
        <item rule-number="8" point="3">
          <lookaheads>
            <symbol>AT</symbol>
            <symbol>ORM</symbol>
          </lookaheads>
        </item>
      </itemset>
      <actions>
        <transitions>
          <transition type="shift" symbol="ORM" state="111"/>
        </transitions>
        <errors/>
        <reductions>
          <reduction symbol="ORM" rule="8" enabled="false"/>
          <reduction symbol="$default" rule="8" enabled="true"/>
        </reductions>
      </actions>
      <solved-conflicts/>
    </state>

    <state number="116">
      <itemset>
        <item rule-number="7" point="11"/>
      </itemset>
      <actions>
        <transitions/>
        <errors/>
        <reductions>
          <reduction symbol="$default" rule="7" enabled="true"/>
        </reductions>
      </actions>
      <solved-conflicts/>
    </state>

    <state number="117">
      <itemset>
        <item rule-number="5" point="11"/>
      </itemset>
      <actions>
        <transitions>
          <transition type="shift" symbol="LINE" state="119"/>
        </transitions>
        <errors/>
        <reductions/>
      </actions>
      <solved-conflicts/>
    </state>

    <state number="118">
      <itemset>
        <item rule-number="4" point="11"/>
      </itemset>
      <actions>
        <transitions>
          <transition type="shift" symbol="'.'" state="120"/>
        </transitions>
        <errors/>
        <reductions/>
      </actions>
      <solved-conflicts/>
    </state>

    <state number="119">
      <itemset>
        <item rule-number="5" point="12"/>
      </itemset>
      <actions>
        <transitions>
          <transition type="shift" symbol="INTEGER" state="121"/>
        </transitions>
        <errors/>
        <reductions/>
      </actions>
      <solved-conflicts/>
    </state>

    <state number="120">
      <itemset>
        <item rule-number="4" point="12"/>
      </itemset>
      <actions>
        <transitions/>
        <errors/>
        <reductions>
          <reduction symbol="$default" rule="4" enabled="true"/>
        </reductions>
      </actions>
      <solved-conflicts/>
    </state>

    <state number="121">
      <itemset>
        <item rule-number="5" point="13"/>
      </itemset>
      <actions>
        <transitions>
          <transition type="shift" symbol="'.'" state="122"/>
        </transitions>
        <errors/>
        <reductions/>
      </actions>
      <solved-conflicts/>
    </state>

    <state number="122">
      <itemset>
        <item rule-number="5" point="14"/>
      </itemset>
      <actions>
        <transitions/>
        <errors/>
        <reductions>
          <reduction symbol="$default" rule="5" enabled="true"/>
        </reductions>
      </actions>
      <solved-conflicts/>
    </state>
  </automaton>
</bison-xml-report>
